Feature,Importance
primary_energy_consumption_energy,0.9218517703844691
population_co2,0.061076545776480966
gdp_co2,0.007295450523639121
fossil_share_energy,0.002164771447678951
renewables_electricity,0.001292868642746549
energy_per_capita,0.0012103577525803795
gdp_per_capita,0.00117123383310628
renewables_share_energy,0.0010455559673875623
renewables_share_elec,0.0009210977113056127
wind_share_energy,0.000802514850266815
hydro_share_energy,0.0005367829667633989
year,0.0003860973295112575
solar_share_energy,0.0002449528140640886
